SYMBOL ,UNDERLYING ASSET ,OPEN ,HIGH ,LOW ,PREV. CLOSE ,LTP ,INDICATIVE CLOSE ,CHNG ,%CHNG ,VOLUME ,VALUE  (â‚¹ Crores),NAV ,52W H ,52W L ,30D  %CHNG ,365 D ,365 D % CHNG ,30 D 
MAHKTECH,Hang Seng TECH Total Return Index,19.42,19.42,17.51,18.13,18.85,,0.72,3.97,672709,1.25,16.33,24,11.65,33.51,23-Oct-2023,38.19,20-Sep-2024
MAFANG,NYSE FANG+ Total Return Index,98.98,98.98,94.1,95.24,98.1,,2.86,3,504221,4.9,99.22,102.75,59,1.18,23-Oct-2023,57.08,20-Sep-2024
CONS,Kotak Nifty India Consumption ETF,120.3,124.5,119.2,120.3,123.3,,3,2.49,3082,0.04,119.87,155.7,82.93,-7.33,,,20-Sep-2024
GSEC5IETF,Nifty 5 yr Benchmark G-Sec Index,57.6,58.64,57.6,57.32,58.64,,1.32,2.3,149,,58.13,66,52.8,-1.78,,,20-Sep-2024
HDFCNIFIT,HDFC NIFTY IT ETF,43.7,43.7,42.26,42.25,43.07,,0.82,1.94,3433,0.01,42.41,47.4,30.57,-2.74,23-Oct-2023,-86.49,20-Sep-2024
SILVERADD,DSP Silver ETF,95.52,96.99,95.51,95.1,96.9,,1.8,1.89,27809,0.27,95.68,96.99,67.6,9.78,,,20-Sep-2024
NIFITETF,UTI Nifty IT ETF,421.65,423.39,415.52,415.97,423.39,,7.42,1.78,111,,416.85,450,321.68,-2.43,,,20-Sep-2024
HNGSNGBEES,Hang Seng Index,333.29,342.82,322,324.83,330.58,,5.75,1.77,103810,3.42,316.45,421.38,205,13.5,23-Oct-2023,26.88,20-Sep-2024
AXISILVER,Axis Silver ETF,103.18,103.18,98.47,98.27,99.79,,1.52,1.55,20186,0.2,98.8,103.18,70.25,10.09,23-Oct-2023,34.27,20-Sep-2024
ITETF,Mirae Asset Nifty IT ETF,41.95,42.6,41.52,41.96,42.6,,0.64,1.53,15860,0.07,42,46.14,30.4,-3.72,,,20-Sep-2024
SILVERBEES,Domestic price of Silver- based on LBMA Silver daily spot fixing price,95.62,96.34,95.62,94.88,96.28,,1.4,1.48,2449221,23.55,95.35,100,67,9.71,23-Oct-2023,33.78,20-Sep-2024
TATSILV,Tata Silver Exchange Traded Fund,9.8,9.84,9.64,9.6,9.74,,0.14,1.46,498407,0.49,9.68,10.32,6.74,9.84,,,20-Sep-2024
SILVERIETF,Domestic Price of Silver,99,99.89,98.9,98.47,99.89,,1.42,1.44,362075,3.6,98.94,99.89,68.65,9.68,,,20-Sep-2024
SILVER,Physical price of Silver,99.41,103,99.41,98.6,100,,1.4,1.42,124033,1.24,99.01,103,70,9.82,23-Oct-2023,34.3,20-Sep-2024
ITBEES,Nifty IT TRI,46,46,44.02,44.06,44.66,,0.6,1.36,944428,4.2,44.14,46.89,31.79,-2.26,23-Oct-2023,35.61,20-Sep-2024
MASPTOP50,S&P 500 Top 50 Total Return Index,44.97,45.28,44.31,44.5,45.1,,0.6,1.35,102570,0.46,45.78,46.9,30.76,2.56,23-Oct-2023,41,20-Sep-2024
IT,NIFTY IT Index,44.57,44.65,43.85,44.01,44.6,,0.59,1.34,30567,0.14,43.89,46.72,31,-2,,,20-Sep-2024
HDFCSILVER,HDFC Silver ETF,95.48,96.54,95.2,95.13,96.4,,1.27,1.34,204762,1.97,96.28,96.54,67.85,9.93,23-Oct-2023,34.14,20-Sep-2024
TECH,Nifty IT TRI Index,43.78,43.78,42.68,43.15,43.73,,0.58,1.34,1443,0.01,43.09,49,26.63,-2.18,23-Oct-2023,37.9,20-Sep-2024
ITETFADD,DSP Nifty IT ETF,42.93,42.93,41.81,42.08,42.64,,0.56,1.33,13247,0.06,42.01,46.32,30.26,-2.07,,,20-Sep-2024
SBISILVER,SBI SILVER ETF,101.4,101.4,97.41,96.82,98.1,,1.28,1.32,36485,0.36,97.45,101.4,79.07,10.01,,,20-Sep-2024
ITIETF,Nifty IT Index,44.95,44.95,44.1,44.08,44.66,,0.58,1.32,120787,0.54,44.09,47.15,28.2,-2.22,,,20-Sep-2024
AXISTECETF,NIFTY IT Index,438.01,443.5,436.3,437.77,443.5,,5.73,1.31,650,0.03,437.89,465.98,315,-2.44,23-Oct-2023,35.71,20-Sep-2024
SILVER1,Kotak Silver ETF,99.48,99.48,96.75,96.13,97.39,,1.26,1.31,18411,0.18,96.36,99.48,68.66,9.66,,,20-Sep-2024
SILVERETF,UTI Silver Exchange Traded Fund (UTI Silver ETF),97,98.5,96.33,96.08,97.31,,1.23,1.28,152765,1.49,97.37,98.5,69,10.06,23-Oct-2023,33.72,20-Sep-2024
FINIETF,ICICI Prudential Nifty Financial Services Ex-Bank ETF,26.05,26.46,25.91,26.09,26.41,,0.32,1.23,34916,0.09,26.04,30,19.7,-7.97,,,20-Sep-2024
EBANKNIFTY,Edelweiss Nifty Bank ETF,51.29,51.68,51.29,51.08,51.68,,0.6,1.17,32,,51.22,56.38,50.45,,,,
SILVRETF,Mirae Asset Silver ETF,97,97.99,96.68,96.31,97.41,,1.1,1.14,40769,0.4,96.78,97.99,68.43,9.78,23-Oct-2023,33.73,20-Sep-2024
MONIFTY500,Motilal Oswal Nifty 500 ETF,23.49,23.49,23.05,23.13,23.36,,0.23,0.99,76789,0.18,22.99,25,16.3,-4.62,23-Oct-2023,35.5,20-Sep-2024
MOSMALL250,Motilal Oswal Nifty Smallcap 250 ETF,17.55,17.59,17,17.32,17.49,,0.17,0.98,152798,0.26,17.28,19.3,13,-6.18,,,20-Sep-2024
SBIETFIT,Nifty IT Index,436.51,446.8,436.51,441.36,445.65,,4.29,0.97,2302,0.1,440.66,473.25,317,-2.08,23-Oct-2023,36.01,20-Sep-2024
TNIDETF,Nifty India Digital Index,94,94.6,92.64,93.62,94.5,,0.88,0.94,11326,0.11,93.51,101.75,63.05,-5.24,23-Oct-2023,43.92,20-Sep-2024
ESILVER,Edelweiss Silver ETF,99.2,100.3,99.2,99.1,100,,0.9,0.91,3997,0.04,99.54,100.3,70.71,9.88,,,20-Sep-2024
MOGSEC,Nifty 5 yr Benchmark G-Sec Index,58.6,58.6,57.36,57.43,57.95,,0.52,0.91,1034,0.01,57.64,59.99,52.73,0.24,23-Oct-2023,8.77,20-Sep-2024
NIF10GETF,UTI Nifty 10 yr Benchmark G-Sec ETF,23.96,24.13,23.96,23.92,24.13,,0.21,0.88,107,,24.19,27.3,21.6,-0.83,,,20-Sep-2024
METALIETF,Nifty Metal Index,9.44,9.45,9.25,9.32,9.4,,0.08,0.86,2624215,2.45,9.31,10.67,8.98,-0.85,,,20-Sep-2024
LICNETFSEN,SENSEX,875.4,913.03,875.4,902.05,909.39,,7.34,0.81,14,,888.78,989,674.99,-2.76,23-Oct-2023,24.2,20-Sep-2024
GOLDCASE,Zerodha Gold ETF,12.58,12.63,12.45,12.45,12.55,,0.1,0.8,224745,0.28,12.45,12.78,10,5.42,,,20-Sep-2024
TATAGOLD,Tata Gold Exchange Traded Fund,7.76,7.78,7.71,7.71,7.77,,0.06,0.78,1899038,1.47,7.68,8.5,6,5.76,,,20-Sep-2024
METAL,Nifty Metal Total Return Index,9.48,9.48,9.21,9.31,9.38,,0.07,0.75,39721,0.04,9.31,10.84,7.9,,,,
MULTICAP,Nifty500 Multicap 50:25:25 Index,16.2,16.2,15.75,15.9,16.02,,0.12,0.75,67170,0.11,15.89,17.55,15.75,-5.69,,,20-Sep-2024
SENSEXETF,Mirae Asset S&P BSE Sensex ETF,81.34,81.43,80.99,80.81,81.41,,0.6,0.74,1218,0.01,81.14,100,62.27,-5.21,23-Oct-2023,16.98,20-Sep-2024
PVTBANKADD,DSP Nifty Private Bank ETF,25.63,25.84,25.06,25.64,25.82,,0.18,0.7,20774,0.05,25.66,31,21.75,-5.94,,,20-Sep-2024
AXISGOLD,Gold,64.05,66.5,64.05,66.03,66.49,,0.46,0.7,62230,0.41,66.01,66.74,50.83,5.24,23-Oct-2023,27.69,20-Sep-2024
GOLDSHARE,Gold,66.5,66.9,66.3,66.3,66.75,,0.45,0.68,42328,0.28,66.22,66.9,51,5.41,23-Oct-2023,28.24,20-Sep-2024
BSLGOLDETF,Gold,69.95,70.4,69.71,69.58,70.05,,0.47,0.68,23038,0.16,69.46,78,53.53,5.73,23-Oct-2023,28.57,20-Sep-2024
SETFGOLD,Gold,68.14,68.26,67.75,67.66,68.12,,0.46,0.68,311793,2.12,67.61,68.26,52.37,5.08,23-Oct-2023,27.71,20-Sep-2024
AXISBNKETF,Nifty Bank,523.8,527.18,523.8,522.94,526.43,,3.49,0.67,204,0.01,523.74,566.49,427.6,-4.57,23-Oct-2023,19.4,20-Sep-2024
HDFCGROWTH,HDFC NIFTY Growth Sectors 15 ETF,125.71,126.68,125,125.65,126.49,,0.84,0.67,3797,0.05,122.99,147,96.54,-3.89,23-Oct-2023,27.18,20-Sep-2024
BFSI,Nifty Financial Services Index,24.28,24.5,24.25,24.26,24.42,,0.16,0.66,47493,0.12,24.27,25.9,19.18,-4.38,23-Oct-2023,23.02,20-Sep-2024
GOLDIETF,Gold,67.81,68.22,67.81,67.77,68.22,,0.45,0.66,350937,2.39,67.65,69.72,52.75,5.36,,,20-Sep-2024
HDFCGOLD,Gold,71.09,71.09,67.81,67.71,68.15,,0.44,0.65,414257,2.82,67.47,71.09,51.7,5.3,23-Oct-2023,27.49,20-Sep-2024
MIDQ50ADD,Nifty Midcap 150 Quality 50 Index,255.98,255.98,250.25,251.42,252.98,,1.56,0.62,700,0.02,250.92,269.48,180.8,-3.91,,,20-Sep-2024
GOLDBEES,Gold,66.28,66.28,65.9,65.73,66.14,,0.41,0.62,3166392,20.92,65.67,67.4,50.72,5.29,23-Oct-2023,27.53,20-Sep-2024
MIDSELIETF,S&P BSE Midcap Select Index,17.76,18.18,17.57,17.72,17.83,,0.11,0.62,91974,0.16,17.68,20,13.22,-6.64,,,20-Sep-2024
SMALLCAP,Mirae Asset Nifty Smallcap 250 Momentum Quality 100 ETF,50.7,50.75,49.05,50.1,50.41,,0.31,0.62,655909,3.27,49.77,55.25,39.24,-6.27,,,20-Sep-2024
SENSEXADD,DSP S&P BSE Sensex ETF,81,82.03,80.33,80.93,81.42,,0.49,0.61,3277,0.03,81.13,95,63.13,-4.78,,,20-Sep-2024
BANKETFADD,DSP Nifty Bank ETF,51.9,52.3,51.76,51.91,52.22,,0.31,0.6,846,,51.98,58.92,40.75,-4.51,,,20-Sep-2024
NIFTYBETF,Bajaj Finserv Nifty 50 ETF,246.54,247.43,246,245.99,247.43,,1.44,0.59,507,0.01,246.67,273.52,215.04,-5.2,,,20-Sep-2024
GOLD1,Gold,66.11,66.54,66.11,66.11,66.5,,0.39,0.59,88470,0.59,66.05,68,50.45,5.22,,,20-Sep-2024
GOLDETFADD,DSP Gold ETF,77.95,77.95,76.38,76.99,77.44,,0.45,0.58,5403,0.04,76.9,78.72,59.2,5.68,,,20-Sep-2024
MIDCAPETF,Mirae Asset Mutual Fund - Mirae Asset Nifty Midcap 150 ETF,21.8,21.8,20.91,21.15,21.27,,0.12,0.57,786656,1.66,21.13,23.2,14.23,-6.08,23-Oct-2023,43.98,20-Sep-2024
SDL26BEES,Nifty SDL Apr 2026 Top 20 Equal Weight Index,124.59,125.44,124.59,124.73,125.43,,0.7,0.56,857,0.01,125.31,128.85,112,0.39,23-Oct-2023,7.99,20-Sep-2024
ALPHAETF,Mirae Asset Nifty 200 Alpha 30 ETF,27.47,27.48,27.01,27.28,27.43,,0.15,0.55,238705,0.65,27.18,30.2,16.56,-3.47,,,20-Sep-2024
QGOLDHALF,Gold,66.19,66.19,65.11,65.49,65.85,,0.36,0.55,4492,0.03,65.4,66.19,50.62,5.31,23-Oct-2023,27.56,20-Sep-2024
LICNFNHGP,Nifty 100,280.67,282.67,277,280.77,282.25,,1.48,0.53,105,,273.39,325,200.75,-1.91,23-Oct-2023,33.29,20-Sep-2024
HDFCMID150,HDFC NIFTY Midcap 150 ETF,22.66,22.66,18,21.05,21.16,,0.11,0.52,211464,0.44,21,23.65,14.17,-5.69,23-Oct-2023,41.09,20-Sep-2024
NIFTYQLITY,Aditya Birla Sun Life Nifty 200 Quality 30 ETF,23.24,23.24,22.12,22.38,22.49,,0.11,0.49,17081,0.04,22.32,25.1,15.99,-5.93,23-Oct-2023,36.05,20-Sep-2024
LICMFGOLD,Gold,7198.75,7222,7142.1,7128,7160,,32,0.45,104,0.07,,7287.15,5451,5.87,23-Oct-2023,28.78,20-Sep-2024
MOQUALITY,Motilal Oswal S&P BSE Quality ETF,205.11,205.11,202.97,202.09,202.98,,0.89,0.44,722,0.01,201.62,222.7,130,-5.74,23-Oct-2023,51.82,20-Sep-2024
ESG,NIFTY100 ESG SECTOR LEADERS,41.39,41.57,41.26,41.39,41.57,,0.18,0.43,2731,0.01,41.44,44.74,30.94,-5.39,23-Oct-2023,30.65,20-Sep-2024
NETF,Tata Nifty 50 Exchange Traded Fund,264.75,264.75,260,260.98,262.09,,1.11,0.43,820,0.02,261.01,282.96,199,-4.47,23-Oct-2023,28.03,20-Sep-2024
MIDCAPIETF,Nifty Midcap 150,21.79,21.79,21.16,21.46,21.55,,0.09,0.42,267218,0.57,21.41,23.7,14.45,-6.12,,,20-Sep-2024
NIFMID150,UTI Nifty Midcap 150 Exchange Traded Fund (ETF),216.7,216.7,207,210.05,210.91,,0.86,0.41,448,0.01,209.37,232.8,141.57,-5.49,23-Oct-2023,43.98,20-Sep-2024
MID150BEES,Nifty Midcap 150 TRI,211.01,218.9,211.01,215.07,215.93,,0.86,0.4,322438,6.92,214.35,235.65,143.8,-5.78,23-Oct-2023,44.11,20-Sep-2024
MNC,Kotak Nifty MNC ETF,31.46,31.46,30.27,30.78,30.9,,0.12,0.39,14773,0.05,30.46,33.48,21.5,-3.75,,,20-Sep-2024
EGOLD,Edelweiss Gold ETF,79.65,80.55,79.65,79.6,79.9,,0.3,0.38,1499,0.01,79.44,80.9,53.1,5.36,,,20-Sep-2024
HDFCMOMENT,HDFC NIFTY200 Momentum 30 ETF,38.34,38.34,35.02,35.51,35.64,,0.13,0.37,105988,0.38,35.44,39.5,21.75,-3.37,23-Oct-2023,56.78,20-Sep-2024
HDFCSML250,HDFC NIFTY Smallcap 250 ETF,177,178.9,171.2,174.25,174.9,,0.65,0.37,465459,8.1,173.41,189.95,115,-5.96,23-Oct-2023,44.79,20-Sep-2024
IDFNIFTYET,Nifty 50,266.75,270.5,262.04,266.62,267.6,,0.98,0.37,703,0.02,264.96,298.84,176,-4.13,23-Oct-2023,28.62,20-Sep-2024
NPBET,Nifty Private Bank Index,257,263.74,257,262.13,263.04,,0.91,0.35,438,0.01,261.63,299,224.35,-5.74,23-Oct-2023,13.73,20-Sep-2024
HDFCLOWVOL,HDFC NIFTY100 Low Volatility 30 ETF,20.78,20.92,20.1,20.34,20.41,,0.07,0.34,5853,0.01,20.28,22.25,13,-6.22,23-Oct-2023,49.12,20-Sep-2024
LICNETFGSC,GSEC10 NSE Index,26.34,26.54,26.16,26.34,26.43,,0.09,0.34,2042,0.01,26.39,27.97,23.1,-1.13,23-Oct-2023,10.35,20-Sep-2024
BBNPPGOLD,Baroda BNP Paribas Gold ETF,76.8,79.5,76.8,76.8,77.05,,0.25,0.33,625,,76.92,80,54,5.28,,,20-Sep-2024
TOP10ADD,Nifty Top 10 Equal Weight Index,96.21,96.21,94.01,94.29,94.6,,0.31,0.33,187545,1.77,94.1,119.7,94,,,,
LOWVOL,Mirae Asset Nifty 100 Low Volatility 30 ETF,209.7,209.7,203.33,203.55,204.2,,0.65,0.32,781,0.02,203.1,220,147,-6.6,23-Oct-2023,36.11,20-Sep-2024
BANKETF,Mirae Asset Nifty Bank ETF,519.08,519.36,515.2,517.04,518.69,,1.65,0.32,276,0.01,516.8,551.94,422.5,-4.68,23-Oct-2023,19.53,20-Sep-2024
ALPHA,NIFTY Alpha 50 Index,55,55,52.97,54,54.17,,0.17,0.31,782977,4.19,53.77,60.91,32.55,-7.38,,,20-Sep-2024
BANKBETF,Bajaj Finserv Nifty Bank ETF,51.71,52.6,50.65,51.68,51.83,,0.15,0.29,1935,0.01,51.6,62.13,41.51,-4.19,,,20-Sep-2024
CONSUMIETF,Nifty India Consumption Index,120.85,121.93,120.54,120.85,121.19,,0.34,0.28,11804,0.14,121,154,83.66,-7.83,,,20-Sep-2024
BSLSENETFG,BSE SENSEX Index,80.97,80.97,79.25,79.41,79.62,,0.21,0.26,156,,79.24,87.7,61.6,-4.59,23-Oct-2023,25.63,20-Sep-2024
SBIETFQLTY,Nifty 200 Quality 30 Index,228.75,235.64,228.75,233.41,234,,0.59,0.25,462,0.01,233.01,257.15,168.31,-5.96,23-Oct-2023,35.69,20-Sep-2024
GOLDETF,Mirae Asset Gold ETF,77.08,77.59,77.01,77.06,77.25,,0.19,0.25,156492,1.21,76.99,82,59.9,5.56,23-Oct-2023,26.74,20-Sep-2024
LICNETFN50,Nifty 50,268.34,269.48,268.04,268.78,269.42,,0.64,0.24,1517,0.04,268.94,326,203.5,-4.49,23-Oct-2023,28.27,20-Sep-2024
PVTBANIETF,Nifty Private Bank Index,25.56,25.75,25.52,25.6,25.66,,0.06,0.23,587421,1.5,25.53,27.36,21.85,-5.6,,,20-Sep-2024
QUAL30IETF,ICICI Prudential Nifty 200 Quality 30 ETF,22.17,22.24,22.07,22.17,22.22,,0.05,0.23,56294,0.12,22.12,26.5,15.95,-5.62,,,20-Sep-2024
UTINIFTETF,Nifty 50,268.6,268.6,263,266.09,266.63,,0.54,0.2,8838,0.24,265.57,285.31,202.55,-4.64,23-Oct-2023,28.24,20-Sep-2024
EBBETF0430,Nifty BHARAT Bond,1406,1438,1406,1424.78,1427.64,,2.86,0.2,2275,0.32,1424.76,1466.95,1263.35,0.73,23-Oct-2023,9.9,20-Sep-2024
TOP100CASE,Zerodha Nifty 100 ETF,10.56,10.56,10.4,10.48,10.5,,0.02,0.19,161358,0.17,10.44,11.99,10,-5.42,,,20-Sep-2024
NIFTY50ADD,Nifty 50 Index,252.95,254.04,252.27,252.93,253.4,,0.47,0.19,5540,0.14,252.39,275.64,192.76,-4.64,,,20-Sep-2024
MID150CASE,Zerodha Nifty Midcap 150 ETF,10.65,10.68,10.2,10.34,10.36,,0.02,0.19,292658,0.31,10.3,12.97,9.11,-5.48,,,20-Sep-2024
NIFTYIETF,Nifty 50,272.15,272.76,269.15,271.97,272.48,,0.51,0.19,68959,1.87,271.46,295.3,224.95,-4.75,,,20-Sep-2024
AXISHCETF,Nifty Healthcare Index,145.13,145.5,143.74,145.23,145.5,,0.27,0.19,2314,0.03,145.88,156.27,85.7,-2.12,23-Oct-2023,53.88,20-Sep-2024
MOLOWVOL,Nifty Midcap 100 TRI,38.89,38.89,37.82,38.02,38.09,,0.07,0.18,1119,,37.89,41.85,27,-5.87,23-Oct-2023,33.54,20-Sep-2024
SHARIABEES,Shariah,560.85,566.7,558.8,560.85,561.78,,0.93,0.17,1195,0.07,560.07,617.7,421.06,-5.17,23-Oct-2023,29.2,20-Sep-2024
MIDSMALL,Mirae Asset Nifty MidSmallcap400 Momentum Quality 100 ETF,53.35,53.35,51.01,51.81,51.9,,0.09,0.17,202518,1.04,51.54,57,45.5,-4.76,,,20-Sep-2024
SBIETFCON,Nifty India Consumption Index,120.64,122.66,119,120.64,120.84,,0.2,0.17,7655,0.09,120.67,136,83.66,-7.7,23-Oct-2023,40.98,20-Sep-2024
PHARMABEES,Nifty Pharma TRI,23.47,23.47,23.11,23.23,23.27,,0.04,0.17,818025,1.9,23.27,24.53,14.45,-0.85,23-Oct-2023,53.54,20-Sep-2024
SETFNIF50,Nifty 50,259.2,259.2,256,258.49,258.9,,0.41,0.16,119707,3.09,257.97,277.25,196.9,-4.74,23-Oct-2023,28.68,20-Sep-2024
HDFCSENSEX,SENSEX,89.68,90.39,89.22,89.43,89.57,,0.14,0.16,15337,0.14,89.18,100,69.51,-4.57,23-Oct-2023,-87.45,20-Sep-2024
MAKEINDIA,Nifty India Manufacturing Total Return Index,147.61,149.95,145.98,147.39,147.61,,0.22,0.15,8540,0.13,147.24,161.1,93.75,-4.47,23-Oct-2023,52.53,20-Sep-2024
SBIETFPB,Nifty Private Bank Index,258.46,260.12,256.19,257.94,258.29,,0.35,0.14,1770,0.05,258.16,277.2,221,-5.67,23-Oct-2023,13.82,20-Sep-2024
EBBETF0431,Nifty BHARAT Bond,1275.73,1277.49,1275.72,1275.65,1277.49,,1.84,0.14,688,0.09,1277,1295,1155.51,0.84,23-Oct-2023,10.33,20-Sep-2024
CONSUMBEES,Nifty India Consumption TRI,130.11,130.85,129.75,130.54,130.72,,0.18,0.14,30558,0.4,130.29,148.05,90.33,-7.56,23-Oct-2023,41.29,20-Sep-2024
SBINEQWETF,Nifty50 Equal Weight,31.91,31.91,30.97,31.26,31.3,,0.04,0.13,9957,0.03,31.19,34.57,30,-5.24,,,20-Sep-2024
IVZINGOLD,Gold,6895.05,6935,6895,6897.95,6906,,8.05,0.12,24,0.02,6879.2,7070,5302.25,5.31,23-Oct-2023,27.4,20-Sep-2024
BANKIETF,Nifty Bank,52.18,52.38,51.92,52.18,52.24,,0.06,0.11,67324,0.35,52.12,56.45,44.88,-4.38,,,20-Sep-2024
BSLNIFTY,Nifty 50,29.88,29.88,27.75,28.11,28.14,,0.03,0.11,109214,0.31,28.07,30.45,21.1,-4.68,23-Oct-2023,28.3,20-Sep-2024
HDFCBSE500,HDFC S&P BSE 500 ETF,36.98,37.2,36.52,36.71,36.75,,0.04,0.11,10171,0.04,36.45,44.4,26,-4.15,23-Oct-2023,32.72,20-Sep-2024
QNIFTY,Nifty 50,2695.91,2695.92,2638,2643.05,2646,,2.95,0.11,193,0.05,2639.78,2884.51,2016,-5.05,23-Oct-2023,28.33,20-Sep-2024
NIF100BEES,Nifty 100 TRI,271.55,271.55,265.17,266.5,266.78,,0.28,0.11,6621,0.18,265.8,289.98,196,-5.11,23-Oct-2023,32.52,20-Sep-2024
UTIBANKETF,Nifty Bank,53.17,53.17,51.99,52.59,52.64,,0.05,0.1,5518,0.03,52.5,55.96,41,-4.21,23-Oct-2023,19.63,20-Sep-2024
NIFTYETF,Nifty 50,263.98,263.98,260.1,261.15,261.38,,0.23,0.09,423988,11.03,260.62,283.8,198.94,-4.65,23-Oct-2023,28.42,20-Sep-2024
BANKBEES,Nifty Bank,527.99,528.69,524.14,526.71,527.16,,0.45,0.09,175716,9.24,526.13,558.78,430.1,-4.35,23-Oct-2023,19.48,20-Sep-2024
NIFTYBEES,Nifty 50,274.05,274.36,272.39,273.56,273.8,,0.24,0.09,1319434,36.08,272.91,293.99,208.36,-4.72,23-Oct-2023,28.33,20-Sep-2024
LOWVOLIETF,Nifty 100 Low Volatility 30 Index,21.75,22.32,21.2,21.88,21.9,,0.02,0.09,106355,0.23,21.83,24.4,17.41,-6.42,,,20-Sep-2024
SENSEXIETF,SENSEX,905.89,906.56,902.58,905.45,906.31,,0.86,0.09,747,0.07,903.57,980,720,-4.49,,,20-Sep-2024
AXISNIFTY,Nifty 50,257.8,266.99,257.8,265.75,265.98,,0.23,0.09,10451,0.28,265.22,288.5,197.9,-4.76,23-Oct-2023,28.33,20-Sep-2024
MOM50,Nifty 50,254.45,254.45,250.36,251.71,251.92,,0.21,0.08,1408,0.04,250.84,281,190.45,-4.48,23-Oct-2023,28.18,20-Sep-2024
AXISBPSETF,Nifty AAA Bond Plus SDL Apr 2026 50:50 Index,11.75,12.13,11,12.09,12.1,,0.01,0.08,212653,0.26,12.14,14,9.5,0.75,23-Oct-2023,7.66,20-Sep-2024
NV20BEES,Nifty50 Value20 TRI,158.73,158.85,156.31,158.74,158.85,,0.11,0.07,4427,0.07,158.59,175,112.2,-3.61,23-Oct-2023,37.69,20-Sep-2024
HEALTHY,Nifty Healthcare TRI,15.68,15.68,14.52,14.73,14.74,,0.01,0.07,82485,0.12,14.71,15.75,8.27,-1.67,23-Oct-2023,52.64,20-Sep-2024
SETFNIFBK,Nifty Bank,523.43,523.99,519.55,521.98,522.17,,0.19,0.04,11710,0.61,521.71,554.3,426.45,-4.99,23-Oct-2023,19.51,20-Sep-2024
UTISENSETF,SENSEX,874.01,874.97,870.01,874,874.33,,0.33,0.04,446,0.04,870.87,938.9,673.02,-4.39,23-Oct-2023,24.62,20-Sep-2024
LTGILTBEES,NIFTY 8-13 yr G-Sec Index,26.8,27.1,26.78,26.78,26.79,,0.01,0.04,524969,1.41,26.8,27.65,23.94,-0.37,23-Oct-2023,10.8,20-Sep-2024
HDFCVALUE,HDFC NIFTY50 Value 20 ETF,142.71,144.9,141.86,142.76,142.81,,0.05,0.04,1951,0.03,142.49,155.7,101,-3.45,23-Oct-2023,38.52,20-Sep-2024
JUNIORBEES,Nifty Next 50,764.55,764.55,749.66,759.55,759.79,,0.24,0.03,139527,10.54,757.73,830,443.55,-5.6,23-Oct-2023,63.5,20-Sep-2024
LIQUIDCASE,Zerodha Nifty 1D Rate Liquid ETF,104.99,104.99,104.97,104.95,104.98,,0.03,0.03,1042802,10.95,104.96,108.05,98.35,0.49,,,20-Sep-2024
GILT5YBEES,Nifty 5 yr Benchmark G-Sec Index,61.02,61.02,58,58.11,58.12,,0.01,0.02,45823,0.27,58.06,61.02,51.5,0.48,23-Oct-2023,9.66,20-Sep-2024
ABGSEC,Aditya Birla Sun Life CRISIL Broad Based Gilt ETF,103.06,103.45,103.06,103.04,103.06,,0.02,0.02,31,,103.18,120,99.66,0.21,,,20-Sep-2024
LIQUIDSHRI,SHRIRAM NIFTY 1D RATE LIQUID ETF,1044.11,1044.11,1018.82,1018.64,1018.82,,0.18,0.02,1800,0.18,1018.66,1044.11,1000,0.52,,,20-Sep-2024
LIQUIDADD,DSP S&P BSE Liquid Rate ETF,1036,1037.11,1026.94,1036.9,1037.11,,0.21,0.02,26358,2.73,1036.92,1219.7,949.27,0.5,,,20-Sep-2024
LIQUID1,Kotak Nifty 1D Rate Liquid ETF,1014.91,1014.93,1014.91,1014.73,1014.92,,0.19,0.02,775,0.08,1014.74,1120,999,0.52,,,20-Sep-2024
EQUAL50ADD,NIFTY 50 Equal Weight Index,320.64,323.31,316.16,320.64,320.69,,0.05,0.02,1993,0.06,320.02,351.28,228.35,-5.19,,,20-Sep-2024
EBBETF0433,BHARAT Bond ETF-April 2033,1167.01,1171.21,1166.8,1166.51,1166.8,,0.29,0.02,105,0.01,1167.96,1203.25,858.69,0.65,23-Oct-2023,10.77,20-Sep-2024
GROWWLIQID,Nifty 1D Rate Index,105.1,105.1,100.57,100.56,100.57,,0.01,0.01,10669,0.11,100.56,105.1,98,,,,
DIVOPPBEES,Nifty Dividend Opportunities 50 TRI,83.75,83.75,82.47,83.23,83.24,,0.01,0.01,26535,0.22,83.1,99,54.95,-4.54,23-Oct-2023,45.84,20-Sep-2024
NEXT50IETF,Nifty Next 50,72.5,75.5,72.3,74.12,74.13,,0.01,0.01,263706,1.95,73.95,81.64,43.75,-5.63,,,20-Sep-2024
BBETF0432,Nifty BHARAT Bond Index - April 2032,1200.18,1200.18,1200.17,1200.02,1200.17,,0.15,0.01,164,0.02,1201.37,1325.38,1061.2,1.02,23-Oct-2023,10.69,20-Sep-2024
LIQUIDSBI,SBI NIFTY 1D Rate ETF,1000.01,1000.01,999.99,1000,999.99,,-0.01,,24123,2.41,1000,1000.01,995,0,,,20-Sep-2024
LIQUIDETF,Nifty1D rate index,999.99,1000,999.99,1000,999.99,,-0.01,,10541,1.05,1000,1045,991.25,0,23-Oct-2023,,20-Sep-2024
GSEC10ABSL,CRISIL 10 Year Gilt ETF,,,,101.95,101.95,,,,,,101.65,119.76,99.8,-0.14,,,20-Sep-2024
LIQUID,Mirae Asset Nifty 1D Rate Liquid ETF,999.99,1000,999.99,999.99,999.99,,,,11404,1.14,1000,1018,997.6,0,23-Oct-2023,,20-Sep-2024
GSEC10YEAR,Mirae Asset Nifty 8-13 yr G-Sec ETF,,,,27.17,27.17,,,,,,27.16,29.8,23.69,-0.59,23-Oct-2023,8.81,20-Sep-2024
HDFCLIQUID,HDFC Nifty 1D Rate Liquid ETF,1000.01,1000.01,1000.01,999.99,1000.01,,0.02,,500,0.05,1000,1020,980,0,23-Oct-2023,,20-Sep-2024
ABSLLIQUID,Aditya Birla Sun Life CRISIL Overnight Fund AI ETF,1000,1000,1000,999.99,1000,,0.01,,138,0.01,1000,1030,994.04,0,23-Oct-2023,,20-Sep-2024
LIQUIDIETF,S&P BSE Liquid Rate Index,1000,1000.01,999.99,999.99,999.99,,,,127728,12.77,1000,1030,970,0,,,20-Sep-2024
GSEC10IETF,ICICI Prudential Nifty 10 yr Benchmark G-Sec ETF,238.96,238.96,238.96,238.96,238.96,,,,34,,239.39,249.7,216.6,-0.52,,,20-Sep-2024
AUTOIETF,Nifty Auto Index,25.15,25.26,24.96,25.2,25.2,,,,317304,0.8,25.15,28.36,16.09,-6.35,,,20-Sep-2024
EBBETF0425,Nifty BHARAT Bond,1240.25,1248.3,1239.99,1247,1247,,,,6556,0.82,1248.5,1392.5,1145.63,0.51,23-Oct-2023,7.9,20-Sep-2024
IVZINNIFTY,Nifty 50,,,,2759.67,2759.67,,,,,,2750.28,3100,2110,-4.02,23-Oct-2023,27.86,20-Sep-2024
LIQUIDBEES,Government Securities,1000,1000.01,999.99,999.99,999.99,,,,520291,52.03,1000,1030,970,0,23-Oct-2023,,20-Sep-2024
AUTOBEES,Nifty Auto TRI,251.31,252.3,249.06,251.95,251.91,,-0.04,-0.02,85725,2.15,251.28,285,160.62,-6.29,23-Oct-2023,52.37,20-Sep-2024
MOMENTUM,Aditya Birla Sun Life Nifty 200 Momentum 30 ETF,36.39,36.4,35.18,35.73,35.72,,-0.01,-0.03,90633,0.32,35.64,39.57,21.94,-3.25,23-Oct-2023,58.73,20-Sep-2024
HDFCPSUBK,HDFC NIFTY PSU BANK ETF,64.47,65.1,62.58,63.74,63.72,,-0.02,-0.03,8080,0.05,63.58,81.65,62.58,-4.72,,,20-Sep-2024
UTISXN50,BSE Sensex Next 50,88.94,89.56,86.75,87.48,87.45,,-0.03,-0.03,565,,87.22,96.27,46.88,-6.35,23-Oct-2023,49.69,20-Sep-2024
UTINEXT50,Nifty Next 50,76.49,77.7,74.42,75.73,75.7,,-0.03,-0.04,55511,0.42,75.52,83,45,-5.55,23-Oct-2023,62.09,20-Sep-2024
NIF100IETF,Nifty 100,28.85,28.85,27.54,28.01,28,,-0.01,-0.04,39408,0.11,27.95,34.57,23.18,-5.21,,,20-Sep-2024
MOHEALTH,Motilal Oswal S&P BSE Healthcare ETF,43.95,43.97,43.12,43.52,43.5,,-0.02,-0.05,7716,0.03,43.45,46.5,26.95,-2.27,23-Oct-2023,57.85,20-Sep-2024
HEALTHIETF,Nifty Healthcare Index,146.41,147.1,145.5,146.42,146.35,,-0.07,-0.05,12221,0.18,146.52,155.9,92.14,-2.15,,,20-Sep-2024
SETF10GILT,Nifty 10 yr Benchmark G-Sec Index,238.51,239.99,238.51,239.63,239.5,,-0.13,-0.05,3564,0.09,239.63,267,213.8,-0.01,23-Oct-2023,10.11,20-Sep-2024
ABSLNN50ET,Nifty Next 50,72.95,74.74,72.95,73.95,73.91,,-0.04,-0.05,9094,0.07,73.7,81.7,43.9,-5.28,23-Oct-2023,64.15,20-Sep-2024
BANKNIFTY1,Nifty Bank,526.99,529.77,524.87,527.36,527.11,,-0.25,-0.05,6394,0.34,527.02,560.97,429.13,-4.3,,,20-Sep-2024
HDFCNEXT50,HDFC NIFTY NEXT 50 ETF,72.79,72.99,70.5,72.03,71.99,,-0.04,-0.06,55641,0.4,71.79,88,42.9,-5.09,23-Oct-2023,64.15,20-Sep-2024
MOMOMENTUM,Nifty 200 Momentum 30 Total Return Index,71.6,72,70.61,71.6,71.55,,-0.05,-0.07,49307,0.35,71.39,78.5,43.8,-3.27,23-Oct-2023,57.99,20-Sep-2024
MON100,Nasdaq100,168.8,168.8,162.05,165.05,164.92,,-0.13,-0.08,141209,2.33,167.31,175,112.85,2.87,23-Oct-2023,40.71,20-Sep-2024
LIQUIDBETF,Bajaj Finserv Nifty 1D Rate Liquid ETF,990,1200,810,999.99,999,,-0.99,-0.1,159,0.02,1000,1200,810,0,,,20-Sep-2024
ALPL30IETF,Nifty Alpha Low-Volatility 30 Index,31.8,31.8,29.71,29.9,29.87,,-0.03,-0.1,178886,0.53,29.85,32.67,19.61,-5.41,,,20-Sep-2024
GROWWEV,Nifty EV and New Age Automotive Index,32.68,32.7,32,32.46,32.42,,-0.04,-0.12,210819,0.68,32.28,36.06,32,-4.92,,,20-Sep-2024
HDFCPVTBAN,HDFC NIFTY Private Bank ETF,26.13,26.13,25.51,25.95,25.92,,-0.03,-0.12,13709,0.04,25.75,28.47,22.06,-5.12,23-Oct-2023,-88.56,20-Sep-2024
BSE500IETF,S&P BSE 500 index,38.8,38.8,38.26,38.47,38.42,,-0.05,-0.13,62376,0.24,38.35,47.6,27.57,-4.99,,,20-Sep-2024
PSUBNKBEES,Nifty PSU Bank,70.5,71.47,69.15,70.55,70.46,,-0.09,-0.13,947966,6.63,70.41,90.3,51.62,-4.38,23-Oct-2023,33.72,20-Sep-2024
HDFCNIF100,HDFC NIFTY 100 ETF,25.89,26.48,25.6,25.89,25.85,,-0.04,-0.15,9117,0.02,25.82,29.1,18.91,-5.1,23-Oct-2023,33.11,20-Sep-2024
ABSLBANETF,Nifty Bank,51.11,52.74,51.11,52.15,52.06,,-0.09,-0.17,31708,0.17,52.05,55.51,40.82,-4.14,23-Oct-2023,19.77,20-Sep-2024
FMCGIETF,Nifty FMCG Index,63.8,63.8,62.76,63.16,63.04,,-0.12,-0.19,93725,0.59,62.84,71.2,51.96,-8.62,,,20-Sep-2024
NV20IETF,Nifty50 Value 20,16.44,16.44,15,15.48,15.45,,-0.03,-0.19,176752,0.27,15.45,17.11,12.32,-3.61,,,20-Sep-2024
MOM30IETF,ICICI Prudential Nifty 200 Momentum 30 ETF,36.47,36.47,35.45,35.97,35.89,,-0.08,-0.22,588261,2.1,35.87,39.42,22.09,-3.28,,,20-Sep-2024
NIFTY1,Nifty 50,264.01,267.6,264.01,267.41,266.82,,-0.59,-0.22,15889,0.42,265.78,287.68,202.89,-4.33,,,20-Sep-2024
MODEFENCE,Nifty India Defence Total Return Index,68.96,70,67.06,68.95,68.8,,-0.15,-0.22,254666,1.74,68.56,80,67.06,-5.59,,,20-Sep-2024
NEXT50,Nifty Next 50,729.29,729.3,714.18,723.85,722.25,,-1.6,-0.22,3640,0.26,722.85,899,431,-5.63,23-Oct-2023,63.79,20-Sep-2024
HDFCNIFBAN,Nifty Bank,52.73,52.74,52.11,52.4,52.28,,-0.12,-0.23,34966,0.18,52.27,56.3,42.66,-4.12,23-Oct-2023,-87.99,20-Sep-2024
HEALTHADD,DSP Nifty Healthcare ETF,140.75,144,137.24,144.35,144,,-0.35,-0.24,876,0.01,144.35,151.58,114.9,-1.89,,,20-Sep-2024
NIF5GETF,UTI Nifty 5 yr Benchmark G-Sec ETF,58.45,58.45,58.45,58.6,58.45,,-0.15,-0.26,8,,58.48,66.14,53.2,0.98,,,20-Sep-2024
INFRABEES,Nifty Infra,925.98,925.98,914.8,925.28,922.69,,-2.59,-0.28,5486,0.5,923.5,1044.85,617.99,-5.22,23-Oct-2023,45.71,20-Sep-2024
AXSENSEX,AXIS S&P BSE SENSEX ETF,82.77,83,80.3,81.73,81.5,,-0.23,-0.28,868,0.01,81.55,98,62.95,-4.52,23-Oct-2023,25.49,20-Sep-2024
NAVINIFTY,Navi Nifty 50 ETF,300.36,300.36,292.4,301.22,300.36,,-0.86,-0.29,11,,247.26,312.62,189,16.44,23-Oct-2023,58.65,20-Sep-2024
PSUBNKIETF,ICICI Prudential Nifty PSU Bank ETF,64.01,64.16,62.58,64.01,63.81,,-0.2,-0.31,95866,0.61,63.82,86.7,46.62,-4.51,,,20-Sep-2024
HDFCNIFTY,Nifty 50,271.48,271.79,269.72,271.97,271.1,,-0.87,-0.32,45689,1.24,270.04,292.45,206.3,-4.21,23-Oct-2023,28.09,20-Sep-2024
AXISCETF,NIFTY India Consumption Index,123.31,123.31,118.86,120.92,120.5,,-0.42,-0.35,951,0.01,120.53,140,83.01,-7.21,23-Oct-2023,41.31,20-Sep-2024
MOMENTUM50,Nifty 500 Momentum 50 Total Return Index,61.89,61.9,58.8,60.04,59.83,,-0.21,-0.35,192743,1.15,59.53,66,58.8,,,,
COMMOIETF,ICICI Prudential Nifty Commodities ETF,91.79,91.79,89.03,90.39,90.07,,-0.32,-0.35,41354,0.37,90.21,101.33,60.5,-4.73,,,20-Sep-2024
MONQ50,Nasdaq Q-50 Total Return Index,64.35,64.97,63.5,64.34,64.09,,-0.25,-0.39,20683,0.13,67.86,92.65,51.5,2.89,23-Oct-2023,21.67,20-Sep-2024
VAL30IETF,Nifty200 Value 30 Index,13.56,13.56,12.96,13.22,13.16,,-0.06,-0.45,256901,0.34,13.18,14.14,12.96,,,,
LOWVOL1,Kotak Nifty 100 Low Vol 30 ETF,21,21.3,20.5,20.92,20.81,,-0.11,-0.53,19880,0.04,20.67,23.41,14.91,-5.34,,,20-Sep-2024
ICICIB22,S&P BSE BHARAT 22 index,113.4,113.4,110.83,112.83,112.21,,-0.62,-0.55,192601,2.15,112.56,124,71.55,-3.24,23-Oct-2023,53.38,20-Sep-2024
PSUBANK,Nifty PSU Bank,636.5,639.89,617.1,636.04,632.26,,-3.78,-0.59,9995,0.63,631.13,896.99,462.39,-3.64,,,20-Sep-2024
NV20,Nifty50 Value 20,160.96,160.96,156.55,158.71,157.74,,-0.97,-0.61,6174,0.1,157.92,167.1,131.11,-2.72,,,20-Sep-2024
MOM100,Nifty Midcap 100,60.35,60.92,59.65,60.9,60.49,,-0.41,-0.67,208740,1.25,60.09,66.45,40.1,-5.65,23-Oct-2023,46.99,20-Sep-2024
MOVALUE,Motilal Oswal S&P BSE Enhanced Value ETF,104.75,104.99,99.42,102.19,101.5,,-0.69,-0.68,74349,0.75,101.75,114.1,60.04,-3.64,23-Oct-2023,65.62,20-Sep-2024
EVINDIA,Nifty EV and New Age Automotive Total Return Index,34.99,34.99,32,32.63,32.4,,-0.23,-0.7,208933,0.67,32.32,36,31,-4.56,,,20-Sep-2024
INFRAIETF,ICICI Prudential Nifty Infrastructure ETF,91.6,91.61,90.53,91.74,91.08,,-0.66,-0.72,136312,1.24,91.39,100.1,60.74,-5.06,,,20-Sep-2024
OILIETF,Nifty Oil & Gas Index,11.94,11.94,11.56,11.76,11.67,,-0.09,-0.77,985122,1.15,11.72,14,11.56,-6.74,,,20-Sep-2024
MIDCAP,Nifty Midcap 50 Index,162.35,164.95,158.92,162.35,161.04,,-1.31,-0.81,14158,0.23,159.69,173.65,109.59,-4.22,,,20-Sep-2024
ABSLPSE,Aditya Birla Sun Life Nifty PSE ETF,10.36,10.55,10.09,10.36,10.27,,-0.09,-0.87,122950,0.13,10.32,11.82,9.26,-4.34,,,20-Sep-2024
BANKPSU,Nifty PSU Bank Total Return Index,66.29,66.29,62.3,63.44,62.86,,-0.58,-0.91,434,,63.22,67.76,62.3,,,,
CPSEETF,CPSE ETF,94.48,96.9,90.45,92.93,92.04,,-0.89,-0.96,1316853,12.07,92.88,106.6,51.35,-5.34,23-Oct-2023,76.74,20-Sep-2024
MOREALTY,Motilal Oswal Nifty Realty ETF,100.98,100.99,97.55,100.4,99.44,,-0.96,-0.96,127739,1.26,99.78,115.79,85.3,-8.1,,,20-Sep-2024
GROWWDEFNC,Nifty India Defence Index- Total Return Index,63.6,64.48,60.88,63.6,62.98,,-0.62,-0.97,84526,0.53,62.6,72,60.88,,,,
SETFNN50,Nifty Next 50,756.69,758.99,740.49,761.43,752.5,,-8.93,-1.17,26722,2,750.56,825.6,445.65,-4.26,23-Oct-2023,65.73,20-Sep-2024
LICNMID100,LIC MF Nifty Midcap 100 ETF,57.57,57.58,55.03,56.94,55.99,,-0.95,-1.67,5711,0.03,56.18,65,44.1,-3.08,,,20-Sep-2024
PSUBANKADD,DSP Nifty PSU Bank ETF,64.93,64.93,62.25,64.66,63.42,,-1.24,-1.92,4359,0.03,63.34,82.9,45,-2.97,,,20-Sep-2024
BBNPNBETF,Baroda BNP Paribas NIFTY Bank ETF,51.64,51.83,51.3,52.58,51.56,,-1.02,-1.94,339,,51.2,56.15,49.5,-2.18,,,20-Sep-2024
HDFCQUAL,HDFC NIFTY100 Quality 30 ETF,63.85,66.28,59.93,63.11,60.9,,-2.21,-3.5,9252,0.06,59.79,66.28,43.15,-0.24,23-Oct-2023,42.98,20-Sep-2024
